case_id,n_reviewed,n_supported,n_unsupported,n_uncertain,hallucination_binary_strict,hallucination_binary_lenient,hallucination_count_strict,hallucination_count_lenient,hallucination_rate_strict,hallucination_rate_lenient,generated_observation_count,reference_observation_count,shared_observation_count,generated_only_count,reference_only_count,precision_obs,recall_obs,f1_obs,jaccard_obs,explainability_score_mean,composite_score,score_z,composite_z
1004616657379357,9,0,4,5,1,1,4,9,0.4444444444444444,1.0,8,2,0,8,2,0.0,0.0,,0.0,-0.507901658092646,-0.5285327474010243,-0.5405035453868896,-0.5500046200175568
1026887750239281,9,4,1,4,1,1,1,5,0.1111111111111111,0.5555555555555556,11,7,2,9,5,0.1818181818181818,0.2857142857142857,0.2222222222222222,0.125,1.8484375266570146,1.48095943337178,1.7504210003144762,1.6502614518837173
1026887751513702,6,0,0,6,0,1,0,6,0.0,1.0,7,2,1,6,1,0.1428571428571428,0.5,0.2222222222222222,0.125,1.843469243309757,2.041747948936283,1.7455906421283984,2.2642891928794215
1026887754137212,5,0,0,5,0,1,0,5,0.0,1.0,6,4,1,5,3,0.1666666666666666,0.25,0.2,0.1111111111111111,1.6275883449735333,1.270663740035091,1.535702841531873,1.4200010490103283
1026887757976739,6,0,0,6,0,1,0,6,0.0,1.0,6,3,0,6,3,0.0,0.0,,0.0,-0.512007072370544,-0.5285327474010243,-0.5444949887242412,-0.5500046200175568
1040237251966612,7,0,0,7,0,1,0,7,0.0,1.0,7,1,0,7,1,0.0,0.0,,0.0,-0.5082063906225097,-0.5285327474010243,-0.5407998181972968,-0.5500046200175568
1040237256446284,5,0,0,5,0,1,0,5,0.0,1.0,5,2,0,5,2,0.0,0.0,,0.0,-0.5097066598337157,-0.5285327474010243,-0.542258438239503,-0.5500046200175568
1040237259239338,7,0,0,7,0,1,0,7,0.0,1.0,7,2,0,7,2,0.0,0.0,,0.0,-0.5092917321411151,-0.5285327474010243,-0.541855029408626,-0.5500046200175568
1041064153850317,3,0,0,3,0,1,0,3,0.0,1.0,5,4,2,3,2,0.4,0.5,0.4444444444444445,0.2857142857142857,4.439248911481323,3.4296995249584303,4.2693085328014995,3.7840078518437914
1041064156839020,4,2,1,1,1,1,1,2,0.25,0.5,4,3,0,4,3,0.0,0.0,,0.0,-0.5084539550690257,-0.5285327474010243,-0.5410405099749649,-0.5500046200175568
1043978150501762,7,0,0,7,0,1,0,7,0.0,1.0,7,4,0,7,4,0.0,0.0,,0.0,-0.5061687805221886,-0.5285327474010243,-0.538818774456393,-0.5500046200175568
1043978151129150,6,0,0,6,0,1,0,6,0.0,1.0,7,4,1,6,3,0.1428571428571428,0.25,0.1818181818181818,0.1,1.3890370711166384,1.1421497052182257,1.3037740206625845,1.2792863583654792
1043978155725911,5,1,0,4,0,1,0,4,0.0,0.8,5,3,0,5,3,0.0,0.0,,0.0,-0.5076273171217958,-0.5285327474010243,-0.5402368204314673,-0.5500046200175568
1043978155811525,11,0,0,11,0,1,0,11,0.0,1.0,12,2,1,11,1,0.0833333333333333,0.5,0.1428571428571428,0.0769230769230769,1.2403812718122367,1.7204628618941196,1.1592450743668112,1.9125024662672991
1043978156498272,10,2,1,7,1,1,1,8,0.1,0.8,9,9,0,9,9,0.0,0.0,,0.0,-0.5067026350002034,-0.5285327474010243,-0.5393378085307029,-0.5500046200175568
1043978156925922,7,0,0,7,0,1,0,7,0.0,1.0,7,4,0,7,4,0.0,0.0,,0.0,-0.5075024864079739,-0.5285327474010243,-0.5401154551593524,-0.5500046200175568
1044929752837403,7,0,0,7,0,1,0,7,0.0,1.0,7,1,0,7,1,0.0,0.0,,0.0,-0.5107463484074958,-0.5285327474010243,-0.543269263883355,-0.5500046200175568
1044929754773340,6,0,1,5,1,1,1,6,0.1666666666666666,1.0,6,1,0,6,1,0.0,0.0,,0.0,-0.5082719305768539,-0.5285327474010243,-0.5408635386884312,-0.5500046200175568
1052372556078456,10,0,0,10,0,1,0,10,0.0,1.0,10,1,0,10,1,0.0,0.0,,0.0,-0.5106410189236105,-0.5285327474010243,-0.5431668584649922,-0.5500046200175568
1071547752467293,10,2,1,7,1,1,1,8,0.1,0.8,10,3,0,10,3,0.0,0.0,,0.0,-0.5050670864608612,-0.5285327474010243,-0.5377476646674105,-0.5500046200175568
1086720251707133,5,0,1,4,1,1,1,5,0.2,1.0,5,3,0,5,3,0.0,0.0,,0.0,-0.5070225541004962,-0.5285327474010243,-0.5396488463151794,-0.5500046200175568
1086720253652133,5,0,1,4,1,1,1,5,0.2,1.0,6,7,1,5,6,0.1666666666666666,0.1428571428571428,0.1538461538461538,0.0833333333333333,1.4352075771362505,0.8851216355844946,1.3486627812503431,0.9978569770757812
1086720257761141,6,0,0,6,0,1,0,6,0.0,1.0,6,1,0,6,1,0.0,0.0,,0.0,-0.511365325629407,-0.5285327474010243,-0.5438710575979797,-0.5500046200175568
1086720259071382,6,0,0,6,0,1,0,6,0.0,1.0,7,5,1,6,4,0.1428571428571428,0.2,0.1666666666666666,0.0909090909090909,1.297913153563754,0.9622300564746141,1.215179806054831,1.0822857914626909
1086720259535316,7,0,0,7,0,1,0,7,0.0,1.0,6,3,0,6,3,0.0,0.0,,0.0,-0.5088441526179901,-0.5285327474010243,-0.5414198751989449,-0.5500046200175568
1088569659532499,8,4,0,4,0,1,0,4,0.0,0.5,6,4,0,6,4,0.0,0.0,,0.0,-0.5077427762413135,-0.5285327474010243,-0.5403490742753281,-0.5500046200175568
1088636256034024,5,0,0,5,0,1,0,5,0.0,1.0,5,1,0,5,1,0.0,0.0,,0.0,-0.5079675387369861,-0.5285327474010243,-0.5405675971100804,-0.5500046200175568
1093360950205123,6,1,1,4,1,1,1,5,0.1666666666666666,0.8333333333333334,8,6,2,6,4,0.25,0.3333333333333333,0.2857142857142857,0.1666666666666666,2.623386437053841,2.0203289431334728,2.5038564530637086,2.240836744438614
1093360950289849,9,0,1,8,1,1,1,9,0.1111111111111111,1.0,9,2,0,9,2,0.0,0.0,,0.0,-0.5071809020253486,-0.5285327474010243,-0.5398027983226633,-0.5500046200175568
1093360950636786,6,3,2,1,1,1,2,3,0.3333333333333333,0.5,7,8,1,6,7,0.1428571428571428,0.125,0.1333333333333333,0.0714285714285714,1.1624626045928366,0.6923505833591966,1.0834895174178973,0.7867849411085078
1093360951002383,9,0,0,9,0,1,0,9,0.0,1.0,8,1,0,8,1,0.0,0.0,,0.0,-0.5080641100526079,-0.5285327474010243,-0.5406614874968297,-0.5500046200175568
1093360951816597,8,0,0,8,0,1,0,8,0.0,1.0,8,4,0,8,4,0.0,0.0,,0.0,-0.50725685275218,-0.5285327474010243,-0.5398766405714737,-0.5500046200175568
1093360952624179,12,0,0,12,0,1,0,12,0.0,1.0,11,2,0,11,2,0.0,0.0,,0.0,-0.509323188591961,-0.5285327474010243,-0.5418856125928423,-0.5500046200175568
1093360952935265,10,0,1,9,1,1,1,10,0.1,1.0,9,2,0,9,2,0.0,0.0,,0.0,-0.5097323758616202,-0.5285327474010243,-0.5422834403614072,-0.5500046200175568
1093360953512860,5,2,0,3,0,1,0,3,0.0,0.6,4,2,0,4,2,0.0,0.0,,0.0,-0.5098099664798338,-0.5285327474010243,-0.5423588769763614,-0.5500046200175568
1093360954300688,9,1,0,8,0,1,0,8,0.0,0.8888888888888888,9,1,0,9,1,0.0,0.0,,0.0,-0.5116010839805613,-0.5285327474010243,-0.5441002710308374,-0.5500046200175568
1093360954422699,10,1,0,9,0,1,0,9,0.0,0.9,11,3,1,10,2,0.0909090909090909,0.3333333333333333,0.1428571428571428,0.0769230769230769,1.0153152321421628,1.1616215286753264,0.9404271223414756,1.300606766038941
1093360954694185,11,0,0,11,0,1,0,11,0.0,1.0,11,4,0,11,4,0.0,0.0,,0.0,-0.50838649104923,-0.5285327474010243,-0.5409749188326107,-0.5500046200175568
1093360954870311,8,3,0,5,0,1,0,5,0.0,0.625,8,4,0,8,4,0.0,0.0,,0.0,-0.5110792380147396,-0.5285327474010243,-0.5435929120988494,-0.5500046200175568
1093360955447530,5,0,0,5,0,1,0,5,0.0,1.0,5,2,0,5,2,0.0,0.0,,0.0,-0.5096711298522503,-0.5285327474010243,-0.5422238946104814,-0.5500046200175568
1093360955646831,9,2,0,7,0,1,0,7,0.0,0.7777777777777778,9,7,0,9,7,0.0,0.0,,0.0,-0.5101984774767102,-0.5285327474010243,-0.5427366024688455,-0.5500046200175568
1093360955736427,8,1,1,6,1,1,1,7,0.125,0.875,9,6,2,7,4,0.2222222222222222,0.3333333333333333,0.2666666666666666,0.1538461538461538,2.346495505099312,1.8703959025137964,2.234652326339419,2.076669605352957
1093360956535476,8,2,1,5,1,1,1,6,0.125,0.75,9,7,1,8,6,0.1111111111111111,0.1428571428571428,0.125,0.0666666666666666,0.8728881337404399,0.5852555543451422,0.8019539611712615,0.6695226989044671
1093360957290683,6,1,2,3,1,1,2,5,0.3333333333333333,0.8333333333333334,6,3,0,6,3,0.0,0.0,,0.0,-0.5096347773725862,-0.5285327474010243,-0.5421885513167406,-0.5500046200175568
1093360957695180,4,2,2,0,1,1,2,2,0.5,0.5,4,3,0,4,3,0.0,0.0,,0.0,-0.5058545944883001,-0.5285327474010243,-0.5385133105819176,-0.5500046200175568
1093360958929044,10,1,0,9,0,1,0,9,0.0,0.9,10,3,0,10,3,0.0,0.0,,0.0,-0.5112026609273297,-0.5285327474010243,-0.5437129086518858,-0.5500046200175568
1093360959225625,5,0,0,5,0,1,0,5,0.0,1.0,5,2,0,5,2,0.0,0.0,,0.0,-0.5078088214485567,-0.5285327474010243,-0.5404132859929699,-0.5500046200175568
1097544651473674,6,1,0,5,0,1,0,5,0.0,0.8333333333333334,6,3,0,6,3,0.0,0.0,,0.0,-0.5078921531292643,-0.5285327474010243,-0.5404943042920345,-0.5500046200175568
1097544659969148,7,1,1,5,1,1,1,6,0.1428571428571428,0.8571428571428571,7,4,0,7,4,0.0,0.0,,0.0,-0.5090267282361539,-0.5285327474010243,-0.5415973823115902,-0.5500046200175568
1102224550078440,11,1,0,10,0,1,0,10,0.0,0.9090909090909092,12,4,1,11,3,0.0833333333333333,0.25,0.125,0.0666666666666666,0.7893550319450725,0.8208646181760622,0.7207398326959888,0.9274996317533569
1102224550146341,6,1,0,5,0,1,0,5,0.0,0.8333333333333334,6,4,0,6,4,0.0,0.0,,0.0,-0.5099953314986732,-0.5285327474010243,-0.5425390960527668,-0.5500046200175568
1105227354389393,5,2,0,3,0,1,0,3,0.0,0.6,6,3,1,5,2,0.1666666666666666,0.3333333333333333,0.2222222222222222,0.125,1.7820233655025497,1.5705298212744436,1.685850571339034,1.7483353271816424
1105293557171514,7,0,0,7,0,1,0,7,0.0,1.0,7,1,0,7,1,0.0,0.0,,0.0,-0.5120247194316025,-0.5285327474010243,-0.544512145882939,-0.5500046200175568
1105293557502393,6,3,1,2,1,1,1,3,0.1666666666666666,0.5,7,6,2,5,4,0.2857142857142857,0.3333333333333333,0.3076923076923076,0.1818181818181818,2.982990567306273,2.2130999953587707,2.8534775662136016,2.4519087804058874
1105293558831403,5,0,1,4,1,1,1,5,0.2,1.0,5,3,0,5,3,0.0,0.0,,0.0,-0.5112423155053593,-0.5285327474010243,-0.5437514623740092,-0.5500046200175568
1105293559503672,9,0,3,6,1,1,3,9,0.3333333333333333,1.0,8,3,0,8,3,0.0,0.0,,0.0,-0.5104140486694724,-0.5285327474010243,-0.5429461891616447,-0.5500046200175568
1120464650533006,7,2,2,3,1,1,2,5,0.2857142857142857,0.7142857142857143,7,3,0,7,3,0.0,0.0,,0.0,-0.5085435160884407,-0.5285327474010243,-0.5411275846792536,-0.5500046200175568
1120464655611611,6,0,1,5,1,1,1,6,0.1666666666666666,1.0,7,2,1,6,1,0.1428571428571428,0.5,0.2222222222222222,0.125,1.84405587403588,2.041747948936283,1.746160987322518,2.2642891928794215
1121361352818853,7,0,1,6,1,1,1,7,0.1428571428571428,1.0,7,2,0,7,2,0.0,0.0,,0.0,-0.5106815051401639,-0.5285327474010243,-0.5432062207384141,-0.5500046200175568
1129351750845269,8,1,0,7,0,1,0,7,0.0,0.875,8,3,0,8,3,0.0,0.0,,0.0,-0.508476765149197,-0.5285327474010243,-0.5410626868215294,-0.5500046200175568
1129351755525523,9,1,0,8,0,1,0,8,0.0,0.8888888888888888,9,3,0,9,3,0.0,0.0,,0.0,-0.5091357257107731,-0.5285327474010243,-0.5417033538931183,-0.5500046200175568
1129351756805129,8,0,0,8,0,1,0,8,0.0,1.0,8,2,0,8,2,0.0,0.0,,0.0,-0.5074254177608136,-0.5285327474010243,-0.540040526024945,-0.5500046200175568
1137815052705433,6,1,2,3,1,1,2,5,0.3333333333333333,0.8333333333333334,6,4,0,6,4,0.0,0.0,,0.0,-0.5078819365443423,-0.5285327474010243,-0.5404843713310573,-0.5500046200175568
1141323651161513,9,0,3,6,1,1,3,9,0.3333333333333333,1.0,10,5,1,9,4,0.1,0.2,0.1333333333333333,0.0714285714285714,0.8666033356773661,0.7309047938042567,0.7958436362058844,0.828999348301963
1141323651503417,12,0,0,12,0,1,0,12,0.0,1.0,12,1,0,12,1,0.0,0.0,,0.0,-0.5137180775731021,-0.5285327474010243,-0.5461584944884927,-0.5500046200175568
1141323651568216,8,0,0,8,0,1,0,8,0.0,1.0,8,3,0,8,3,0.0,0.0,,0.0,-0.5112203347757558,-0.5285327474010243,-0.5437300918543035,-0.5500046200175568
1141323652164077,8,0,0,8,0,1,0,8,0.0,1.0,8,1,0,8,1,0.0,0.0,,0.0,-0.5093950148030405,-0.5285327474010243,-0.5419554448271199,-0.5500046200175568
1141323652541396,6,1,2,3,1,1,2,5,0.3333333333333333,0.8333333333333334,7,5,1,6,4,0.1428571428571428,0.2,0.1666666666666666,0.0909090909090909,1.2972885265426224,0.9622300564746141,1.214572519385798,1.0822857914626909
1141323653836642,9,2,1,6,1,1,1,7,0.1111111111111111,0.7777777777777778,9,4,0,9,4,0.0,0.0,,0.0,-0.5079040971238575,-0.5285327474010243,-0.540505916707838,-0.5500046200175568
1141323655108847,9,2,0,7,0,1,0,7,0.0,0.7777777777777778,10,4,1,9,3,0.1,0.25,0.1428571428571428,0.0769230769230769,0.9570155317453081,0.9108244425478682,0.8837458875215489,1.0259999152047514
1141323655972946,7,1,1,5,1,1,1,6,0.1428571428571428,0.8571428571428571,8,2,1,7,1,0.125,0.5,0.2,0.1111111111111111,1.662913786501863,1.9453624228236344,1.5700476088763868,2.1587531748957853
1141323657332361,7,0,0,7,0,1,0,7,0.0,1.0,7,1,0,7,1,0.0,0.0,,0.0,-0.5074206327602342,-0.5285327474010243,-0.54003587386139,-0.5500046200175568
1141323658800563,8,0,0,8,0,1,0,8,0.0,1.0,8,1,0,8,1,0.0,0.0,,0.0,-0.5124556565748001,-0.5285327474010243,-0.5449311197239696,-0.5500046200175568
1141323659218667,7,2,0,5,0,1,0,5,0.0,0.7142857142857143,7,1,0,7,1,0.0,0.0,,0.0,-0.5104188204681974,-0.5285327474010243,-0.5429508284898438,-0.5500046200175568
1141323659753947,5,0,0,5,0,1,0,5,0.0,1.0,5,2,0,5,2,0.0,0.0,,0.0,-0.5087706535917683,-0.5285327474010243,-0.5413484165887641,-0.5500046200175568
1151210452398109,8,0,0,8,0,1,0,8,0.0,1.0,8,1,0,8,1,0.0,0.0,,0.0,-0.5117179928514785,-0.5285327474010243,-0.5442139343793603,-0.5500046200175568
1151210453379869,9,1,0,8,0,1,0,8,0.0,0.8888888888888888,8,2,0,8,2,0.0,0.0,,0.0,-0.5078936418460511,-0.5285327474010243,-0.5404957516803607,-0.5500046200175568
1154028351114398,8,3,0,5,0,1,0,5,0.0,0.625,8,3,0,8,3,0.0,0.0,,0.0,-0.508454361534623,-0.5285327474010243,-0.5410409051566178,-0.5500046200175568
1156580359027235,5,2,0,3,0,1,0,3,0.0,0.6,5,3,0,5,3,0.0,0.0,,0.0,-0.5120588043292544,-0.5285327474010243,-0.5445452845453072,-0.5500046200175568
1156904254093116,4,0,0,4,0,1,0,4,0.0,1.0,4,1,0,4,1,0.0,0.0,,0.0,-0.5087843555402676,-0.5285327474010243,-0.5413617381556862,-0.5500046200175568
1156904255883502,7,0,1,6,1,1,1,7,0.1428571428571428,1.0,7,3,0,7,3,0.0,0.0,,0.0,-0.5099903859492936,-0.5285327474010243,-0.5425342877974278,-0.5500046200175568
1156909354721804,4,0,1,3,1,1,1,4,0.25,1.0,4,5,0,4,5,0.0,0.0,,0.0,-0.5094875344823507,-0.5285327474010243,-0.542045396055561,-0.5500046200175568
1187988654357764,10,1,0,9,0,1,0,9,0.0,0.9,10,3,0,10,3,0.0,0.0,,0.0,-0.5070062916569867,-0.5285327474010243,-0.5396330353354826,-0.5500046200175568
1187988654972841,8,0,0,8,0,1,0,8,0.0,1.0,7,3,0,7,3,0.0,0.0,,0.0,-0.5100289746790735,-0.5285327474010243,-0.5425718052604537,-0.5500046200175568
1188092353367019,5,3,0,2,0,1,0,2,0.0,0.4,6,4,1,5,3,0.1666666666666666,0.25,0.2,0.1111111111111111,1.6283224675907535,1.270663740035091,1.5364165840754884,1.4200010490103283
1188092357292244,9,2,0,7,0,1,0,7,0.0,0.7777777777777778,10,5,1,9,4,0.1,0.2,0.1333333333333333,0.0714285714285714,0.8667751833288185,0.7309047938042567,0.7960107131722997,0.828999348301963
1192422656051681,3,0,3,0,1,1,3,3,1.0,1.0,3,1,0,3,1,0.0,0.0,,0.0,-0.5083026675429452,-0.5285327474010243,-0.5408934223616029,-0.5500046200175568
1192422656091680,6,0,0,6,0,1,0,6,0.0,1.0,6,1,0,6,1,0.0,0.0,,0.0,-0.5083736641410201,-0.5285327474010243,-0.5409624480138706,-0.5500046200175568
1192422658367071,6,0,0,6,0,1,0,6,0.0,1.0,5,1,0,5,1,0.0,0.0,,0.0,-0.5093270203628897,-0.5285327474010243,-0.5418893379894791,-0.5500046200175568
1193411452152296,5,1,1,3,1,1,1,4,0.2,0.8,6,3,1,5,2,0.1666666666666666,0.3333333333333333,0.2222222222222222,0.125,1.7830687805666896,1.5705298212744436,1.6868669644994008,1.7483353271816424
1207404151988570,9,2,0,7,0,1,0,7,0.0,0.7777777777777778,9,3,0,9,3,0.0,0.0,,0.0,-0.509860910047723,-0.5285327474010243,-0.5424084062932265,-0.5500046200175568
1207404152874646,10,0,2,8,1,1,2,10,0.2,1.0,10,3,0,10,3,0.0,0.0,,0.0,-0.5087007953268611,-0.5285327474010243,-0.5412804976682488,-0.5500046200175568
1207404152969052,3,0,1,2,1,1,1,3,0.3333333333333333,1.0,8,1,0,8,1,0.0,0.0,,0.0,-0.5128851740791818,-0.5285327474010243,-0.5453487133369626,-0.5500046200175568
