,mean,sd,hdi_3%,hdi_97%,mcse_mean,mcse_sd,ess_bulk,ess_tail,r_hat
E[0],4.4392,0.8166,2.9476,5.8192,0.0548,0.0242,200.865,240.8939,1.0181
E[1],3.1851,0.3036,2.6215,3.7709,0.004,0.0041,6034.826,8154.4436,1.0023
E[2],2.9271,0.3974,2.182,3.6049,0.0193,0.0053,428.7728,2868.286,1.0085
E[3],2.9286,0.3922,2.1861,3.5844,0.0194,0.0047,411.8584,2654.4969,1.0103
E[4],2.9276,0.3935,2.1877,3.5979,0.019,0.0046,435.7857,2913.5934,1.0085
E[5],2.983,0.6323,1.821,4.0534,0.0401,0.0167,227.3728,362.4105,1.0153
E[6],2.6234,0.5275,1.6718,3.5252,0.0315,0.0119,265.8283,691.5147,1.0143
E[7],2.4204,0.313,1.8293,2.9964,0.007,0.0031,2133.9495,7714.5696,1.0014
E[8],2.4647,0.4033,1.7096,3.1501,0.0203,0.0058,397.1742,2218.2023,1.0086
E[9],2.8631,0.6571,1.77,4.0693,0.0417,0.0175,222.829,367.1731,1.0174
E[10],2.3886,0.3477,1.7704,3.0578,0.0134,0.004,707.8561,2767.138,1.0059
E[11],2.3465,0.4554,1.4712,3.0957,0.0253,0.008,318.5511,1525.9138,1.0117
E[12],2.7532,0.6906,1.6075,4.0032,0.0444,0.0186,212.9476,318.219,1.0174
E[13],2.0868,0.2876,1.531,2.6245,0.0024,0.0038,14691.843,9019.9207,1.0012
E[14],2.0804,0.2938,1.518,2.6415,0.0023,0.0041,16565.8323,8464.103,1.0021
E[15],2.0828,0.2945,1.523,2.6534,0.0023,0.0044,15784.6269,9120.8431,1.0019
E[16],1.8435,0.3,1.2789,2.4192,0.0058,0.0034,2745.453,5881.8858,1.0015
E[17],1.8441,0.3039,1.2772,2.4258,0.0059,0.0035,2763.5565,6961.0298,1.0017
E[18],1.773,0.2914,1.1846,2.3012,0.0038,0.0038,6084.9686,7982.1945,1.0012
E[19],1.8484,0.3943,1.0943,2.5099,0.019,0.005,434.8931,2272.9816,1.0082
E[20],1.782,0.3356,1.146,2.3887,0.0116,0.0032,870.0353,4411.5994,1.0034
E[21],1.7808,0.3341,1.1404,2.3739,0.0115,0.0032,885.3992,4063.6937,1.0036
E[22],1.7831,0.3375,1.1323,2.3746,0.0118,0.0032,856.4475,5030.2941,1.0044
E[23],1.6598,0.331,1.0618,2.2998,0.0105,0.0037,1050.603,3842.1501,1.0033
E[24],1.6629,0.3242,1.1008,2.3118,0.0105,0.0034,1009.903,4850.4792,1.0036
E[25],1.6636,0.3293,1.0822,2.3165,0.0104,0.0036,1045.741,3945.7981,1.0036
E[26],1.6276,0.389,0.8783,2.274,0.0183,0.0047,462.6589,2516.2509,1.0076
E[27],1.6283,0.389,0.8875,2.2809,0.0178,0.0052,488.1977,2034.8879,1.0082
E[28],1.6295,0.3859,0.9054,2.296,0.0183,0.0051,453.1429,2473.5286,1.0084
E[29],1.3624,0.2913,0.7727,1.886,0.0025,0.0038,13919.3217,9847.0497,1.0007
E[30],1.3607,0.2882,0.8094,1.9082,0.0025,0.0034,12899.488,9544.5797,1.002
E[31],1.389,0.3397,0.7547,1.9934,0.012,0.0033,833.1814,4012.3311,1.004
E[32],1.5219,0.3453,0.9362,2.2143,0.0139,0.0039,650.3041,2429.6782,1.0057
E[33],1.8168,0.5385,0.7942,2.6858,0.0327,0.0125,254.5504,624.5841,1.0148
E[34],2.226,0.8474,0.8102,3.7526,0.0568,0.025,192.9524,223.4066,1.0202
E[35],1.2097,0.3138,0.5995,1.7794,0.0088,0.0035,1323.9604,5440.2157,1.0028
E[36],1.2082,0.3148,0.604,1.7721,0.0081,0.0033,1582.8608,6625.7934,1.0022
E[37],1.2102,0.3094,0.6147,1.7646,0.0084,0.003,1379.6453,6305.2323,1.0033
E[38],1.2979,0.3695,0.577,1.9089,0.0162,0.0042,539.0916,2500.9011,1.008
E[39],1.2973,0.3685,0.5767,1.9114,0.0163,0.0042,525.699,2952.139,1.007
E[40],1.1171,0.3387,0.4709,1.7193,0.0119,0.0034,867.0438,4586.355,1.0041
E[41],1.2385,0.39,0.4968,1.9008,0.019,0.0051,419.5757,2089.1465,1.0081
E[42],1.4352,0.476,0.5359,2.2129,0.0266,0.0083,311.2257,1420.7514,1.0125
E[43],1.0153,0.3055,0.4376,1.5968,0.0055,0.0036,3216.2279,7235.0776,1.0013
E[44],1.0158,0.2967,0.4786,1.5895,0.0059,0.0034,2634.0108,8472.0973,1.0016
E[45],1.0163,0.2987,0.4573,1.5853,0.0061,0.0035,2487.3132,6425.8259,1.0015
E[46],1.0174,0.3032,0.4565,1.6055,0.006,0.0036,2649.9711,6203.6448,1.0015
E[47],0.957,0.2934,0.3984,1.5193,0.0029,0.0038,10228.7656,9005.5007,1.0011
E[48],0.9558,0.2927,0.3878,1.4969,0.003,0.0042,10055.0313,8943.5021,1.001
E[49],1.0551,0.3549,0.3648,1.6524,0.0147,0.0041,602.5246,2418.6213,1.0073
E[50],1.4009,0.4873,0.5059,2.2394,0.0275,0.0096,302.4321,1075.2264,1.0126
E[51],1.2404,0.4099,0.5554,2.0244,0.0209,0.0063,388.3622,1548.5472,1.0102
E[52],1.2449,0.4087,0.5687,2.0377,0.0209,0.0064,381.5792,1674.9658,1.0098
E[53],1.2448,0.4106,0.5881,2.052,0.0207,0.0061,392.1493,1930.1544,1.0095
E[54],0.9777,0.3164,0.3705,1.5496,0.0086,0.0031,1403.1498,6263.6493,1.0036
E[55],0.9406,0.3063,0.3998,1.5459,0.0079,0.0033,1622.2056,6058.734,1.0027
E[56],0.9363,0.3086,0.3888,1.5533,0.0078,0.0033,1651.8032,6273.4171,1.0022
E[57],0.863,0.2927,0.2842,1.4104,0.0021,0.0037,18802.4404,9434.3902,1.001
E[58],0.8641,0.308,0.2891,1.4457,0.0058,0.0035,2884.9499,6867.7288,1.0014
E[59],0.8666,0.3031,0.2625,1.4132,0.0061,0.0039,2624.0221,6669.8973,1.0013
E[60],0.8668,0.3055,0.2577,1.4076,0.0061,0.0036,2619.2103,7600.5321,1.0013
E[61],1.1625,0.4232,0.3851,1.8803,0.0221,0.0066,365.6892,1680.4602,1.0107
E[62],0.7721,0.2981,0.1884,1.3234,0.0038,0.0037,6824.6302,7772.5835,1.0007
E[63],0.7894,0.29,0.2438,1.3576,0.0023,0.0041,15847.9825,8354.9653,1.0017
E[64],0.8729,0.347,0.1908,1.4636,0.013,0.0037,746.0914,3362.2512,1.0056
E[65],0.7114,0.3076,0.1246,1.2948,0.0063,0.0032,2499.1369,7407.7855,1.0014
E[66],0.7601,0.3262,0.1188,1.3159,0.0103,0.0032,1051.1405,5313.1073,1.0033
E[67],-0.5108,0.2926,-1.0642,0.0543,0.0024,0.0037,15422.4567,9680.4201,1.0017
E[68],-0.5107,0.2937,-1.056,0.0687,0.0028,0.0034,10593.7527,9372.9899,1.0023
E[69],-0.5081,0.2881,-1.0628,0.0463,0.0025,0.0039,13646.2061,7689.6912,1.001
E[70],-0.5082,0.2893,-1.064,0.044,0.0026,0.0035,12097.5828,9524.0134,1.002
E[71],-0.5051,0.29,-1.0516,0.0484,0.0027,0.0036,11202.9709,8658.9336,1.0008
E[72],-0.5107,0.2869,-1.0441,0.0357,0.0028,0.0035,10955.9174,10860.3176,1.0008
E[73],-0.5083,0.2892,-1.0542,0.0497,0.0028,0.0037,11261.5882,8215.4222,1.0007
E[74],-0.5092,0.292,-1.0771,0.0379,0.0028,0.0036,10916.871,9942.1731,1.0011
E[75],-0.5106,0.2921,-1.0566,0.0596,0.0027,0.0042,11464.8142,9152.2495,1.0023
E[76],-0.5103,0.2912,-1.0845,0.031,0.0027,0.0039,11938.85,9677.4891,1.0006
E[77],-0.5114,0.2897,-1.0526,0.0513,0.0025,0.0036,13329.05,9799.9488,1.0009
E[78],-0.508,0.2956,-1.0558,0.0725,0.0027,0.0043,12104.7943,8483.6663,1.0022
E[79],-0.5081,0.2899,-1.068,0.0403,0.0026,0.004,12682.6959,9110.1781,1.0009
E[80],-0.5116,0.2886,-1.0426,0.0542,0.0027,0.0035,10898.7528,8928.0991,1.0011
E[81],-0.5118,0.2935,-1.0811,0.051,0.0024,0.0037,14665.004,9595.8092,1.0008
E[82],-0.5074,0.2908,-1.0454,0.0743,0.0025,0.0038,13440.3137,9296.5712,1.0012
E[83],-0.5079,0.2912,-1.0709,0.038,0.0025,0.0039,13519.3185,8299.0157,1.0011
E[84],-0.5108,0.2867,-1.0513,0.0404,0.0026,0.0035,12645.1547,9344.3377,1.0008
E[85],-0.5067,0.2904,-1.0532,0.0614,0.0026,0.0043,12095.7037,7262.3263,1.0019
E[86],-0.5095,0.293,-1.0815,0.0351,0.0026,0.0044,12308.9942,9367.2032,1.0031
E[87],-0.512,0.292,-1.0685,0.0402,0.0025,0.0036,13118.2579,10249.9526,1.0005
E[88],-0.5104,0.2919,-1.0771,0.0457,0.0025,0.0042,14139.472,8688.8748,1.0006
E[89],-0.5137,0.2891,-1.0552,0.0434,0.0025,0.0037,13115.1684,9527.7952,1.0023
E[90],-0.5094,0.2951,-1.0635,0.0697,0.0025,0.004,14006.2705,10132.9839,1.0026
E[91],-0.508,0.2972,-1.0874,0.052,0.0026,0.0039,12972.7335,9568.005,1.0008
E[92],-0.5118,0.2912,-1.045,0.0713,0.0028,0.004,10741.4928,8846.9461,1.0023
E[93],-0.5063,0.2914,-1.04,0.0626,0.0026,0.0039,12679.9957,8875.3211,1.0017
E[94],-0.5074,0.2982,-1.0705,0.0707,0.0026,0.0041,13067.1676,8948.4215,1.0012
E[95],-0.5098,0.2901,-1.0567,0.0479,0.0028,0.0037,10961.1213,9134.1365,1.0015
E[96],-0.5125,0.291,-1.0725,0.0356,0.0027,0.0038,11569.2278,8281.3892,1.0012
E[97],-0.5118,0.292,-1.0618,0.048,0.0026,0.0041,12614.1305,10255.2526,1.0019
E[98],-0.5104,0.2897,-1.0651,0.0466,0.0027,0.0037,11111.7966,8862.2194,1.0006
E[99],-0.5089,0.2957,-1.0778,0.0416,0.0024,0.0036,14605.0915,8712.5076,1.0006
E[100],-0.5091,0.2907,-1.0727,0.0169,0.0028,0.0038,10974.9755,9494.2626,1.0011
E[101],-0.5117,0.2929,-1.0829,0.0417,0.0028,0.0036,10928.1519,9621.056,1.0013
E[102],-0.5088,0.2882,-1.0486,0.0483,0.0027,0.0034,11514.0426,9625.4653,1.0005
E[103],-0.5105,0.2931,-1.0446,0.0744,0.0025,0.0045,14159.8052,8144.1563,1.0015
E[104],-0.5109,0.2934,-1.0351,0.0831,0.0026,0.0037,13173.5118,10239.4768,1.0008
E[105],-0.5099,0.2906,-1.039,0.0777,0.0026,0.0037,13033.9727,7934.877,1.0007
E[106],-0.5082,0.2922,-1.0663,0.0417,0.0027,0.0037,12428.6495,9772.1829,1.0011
E[107],-0.5089,0.2908,-1.0671,0.0458,0.0027,0.0038,12041.1792,8702.8843,1.0013
E[108],-0.5083,0.2945,-1.0789,0.0457,0.0027,0.0043,12179.2884,9360.2016,1.0022
E[109],-0.5084,0.2945,-1.0546,0.0581,0.0026,0.0042,13038.5174,9228.2059,1.0013
E[110],-0.5093,0.292,-1.0601,0.0493,0.0025,0.0036,13407.6438,9266.7388,1.0013
E[111],-0.5129,0.2917,-1.0366,0.0819,0.0025,0.0042,13223.8285,8603.4482,1.0021
E[112],-0.51,0.2922,-1.0662,0.0505,0.0029,0.0042,10459.2778,7430.269,1.0018
E[113],-0.5094,0.2895,-1.0876,0.0246,0.0027,0.0038,11655.0832,8867.8051,1.0013
E[114],-0.5102,0.2946,-1.0763,0.0543,0.0027,0.0039,11516.0183,9552.2159,1.0018
E[115],-0.515,0.2924,-1.0365,0.0884,0.0026,0.0038,12620.897,9380.6882,1.0012
E[116],-0.5088,0.2973,-1.0588,0.0796,0.0024,0.0042,15129.8437,8947.3848,1.0023
E[117],-0.5087,0.2915,-1.0731,0.0433,0.0024,0.0041,14257.5245,8805.9048,1.0011
E[118],-0.5084,0.2901,-1.0418,0.0576,0.0027,0.0035,11745.7533,8952.2679,1.0003
E[119],-0.5074,0.292,-1.0404,0.0691,0.0026,0.0037,13148.8589,9505.3818,1.0018
E[120],-0.511,0.289,-1.0525,0.0559,0.0025,0.0039,13195.7512,7247.4629,1.0017
E[121],-0.5079,0.2895,-1.0632,0.0437,0.0025,0.0039,13916.9279,9525.1255,1.0015
E[122],-0.5107,0.2953,-1.0699,0.0523,0.0029,0.0039,10639.3691,8688.2854,1.0011
E[123],-0.5093,0.2918,-1.0434,0.081,0.0024,0.004,14150.1125,9544.7459,1.0016
E[124],-0.5097,0.2935,-1.0734,0.0362,0.0027,0.0044,11875.1809,7400.2346,1.0009
E[125],-0.5075,0.2876,-1.0498,0.0497,0.0026,0.0036,12415.4238,9697.5441,1.0017
E[126],-0.5093,0.2893,-1.0665,0.0399,0.0026,0.0037,12237.4734,7586.8035,1.0007
E[127],-0.5105,0.2943,-1.0731,0.0519,0.0028,0.0038,11398.9096,8501.2505,1.0006
E[128],-0.5076,0.2991,-1.0688,0.0656,0.0027,0.0039,12135.2911,8363.4565,1.001
E[129],-0.5085,0.2917,-1.0608,0.0563,0.0025,0.004,13502.1155,9579.6278,1.0019
E[130],-0.5095,0.2935,-1.067,0.0565,0.0025,0.0044,13474.4798,8732.8813,1.0032
E[131],-0.5099,0.2972,-1.054,0.0784,0.0027,0.0037,12388.0807,8680.5882,1.0005
E[132],-0.5072,0.2947,-1.0591,0.0718,0.0026,0.0039,13110.8611,9877.9769,1.0012
E[133],-0.51,0.2922,-1.0538,0.0496,0.0024,0.004,14514.581,8741.3671,1.0003
E[134],-0.5107,0.2918,-1.0474,0.0724,0.0029,0.0037,10416.9221,9697.6033,1.0006
E[135],-0.5093,0.2897,-1.0567,0.0441,0.0028,0.0039,10786.7256,8838.4057,1.0008
E[136],-0.5097,0.2906,-1.052,0.0548,0.0026,0.0036,12548.6815,10374.7023,1.0008
E[137],-0.5098,0.2896,-1.0476,0.0511,0.0027,0.004,11262.2543,9175.0458,1.0009
E[138],-0.5097,0.2867,-1.0467,0.0372,0.0024,0.0041,14512.1002,9623.8334,1.0018
E[139],-0.5078,0.2854,-1.0353,0.0432,0.0026,0.0036,11804.6222,9268.1714,1.0007
E[140],-0.5092,0.2914,-1.0626,0.048,0.0027,0.0035,11642.4152,9690.0734,1.0023
E[141],-0.5079,0.2923,-1.0492,0.0664,0.0026,0.0044,12547.1399,9080.1539,1.0026
E[142],-0.5109,0.2932,-1.0643,0.0576,0.0027,0.0039,11771.1893,7515.3304,1.0006
E[143],-0.5073,0.2886,-1.0649,0.0345,0.0027,0.0041,11472.7921,8188.7294,1.0012
E[144],-0.5107,0.2879,-1.0586,0.0435,0.0027,0.0035,10805.3101,9919.7467,1.0006
E[145],-0.5077,0.2896,-1.0632,0.0449,0.0028,0.0035,10953.4998,9591.8703,1.0008
E[146],-0.5074,0.2918,-1.0373,0.083,0.0028,0.0043,10901.1619,7800.4185,1.001
E[147],-0.5084,0.2883,-1.0471,0.0542,0.0024,0.0037,14384.4271,9212.3384,1.0012
E[148],-0.5094,0.2933,-1.0767,0.0461,0.0026,0.004,12395.2097,9845.6252,1.002
E[149],-0.5101,0.2905,-1.0561,0.0495,0.0026,0.0038,12940.5507,9439.2952,1.0011
E[150],-0.5088,0.2953,-1.0725,0.0507,0.0023,0.004,16191.6152,10717.7235,1.0012
E[151],-0.5073,0.2857,-1.0514,0.0359,0.0027,0.0036,11220.8826,10389.6004,1.0009
E[152],-0.5099,0.2914,-1.0604,0.0528,0.0025,0.0039,13365.1014,8613.9691,1.0005
E[153],-0.5079,0.2922,-1.0491,0.0619,0.0026,0.004,13047.9283,9757.4682,1.0031
E[154],-0.5077,0.2919,-1.0625,0.0375,0.0025,0.0038,13203.7258,10129.741,1.0019
E[155],-0.5112,0.295,-1.0724,0.0527,0.0026,0.0039,13257.6086,9455.6774,1.0011
E[156],-0.5085,0.2954,-1.0602,0.0689,0.0029,0.004,10652.3558,7701.0806,1.0009
E[157],-0.5087,0.2946,-1.0667,0.0532,0.0028,0.0041,11429.887,8341.2712,1.0009
E[158],-0.5054,0.2905,-1.0599,0.0491,0.0028,0.0033,11324.9811,10978.151,1.0007
E[159],-0.5086,0.2925,-1.0699,0.0355,0.0025,0.004,13730.9289,9787.8434,1.002
E[160],-0.5097,0.2924,-1.0515,0.0666,0.0027,0.0039,11707.9649,8156.8082,1.0012
E[161],-0.5084,0.2895,-1.0407,0.0691,0.0028,0.0036,10464.3737,8778.8592,1.0017
E[162],-0.5076,0.2941,-1.0515,0.0714,0.0027,0.0042,12187.9923,8169.1845,1.0031
E[163],-0.511,0.2865,-1.0548,0.0343,0.0027,0.0038,11291.2314,8274.5436,1.0015
E[164],-0.5096,0.2913,-1.0756,0.0361,0.0027,0.004,11487.8934,8070.4653,1.0017
E[165],-0.5085,0.2912,-1.0616,0.0424,0.0027,0.0037,12336.4739,7970.1797,1.0009
E[166],-0.5096,0.2905,-1.0351,0.0772,0.0027,0.0038,11841.7377,9218.1288,1.0025
E[167],-0.5076,0.2892,-1.0637,0.0416,0.0027,0.004,11190.7398,8587.4905,1.0029
E[168],-0.5096,0.289,-1.0423,0.0584,0.0026,0.004,12570.4915,9715.856,1.002
E[169],-0.5135,0.2968,-1.0935,0.0424,0.0027,0.004,12224.6967,10018.1958,1.0024
E[170],-0.512,0.292,-1.0641,0.045,0.0026,0.0041,13057.314,8611.7518,1.0022
E[171],-0.509,0.2891,-1.0362,0.0565,0.0026,0.0036,11986.4233,9979.9431,1.0008
E[172],-0.5085,0.292,-1.0371,0.0765,0.0026,0.004,12159.4484,8165.2244,1.0009
E[173],-0.5076,0.2917,-1.059,0.0499,0.0026,0.0039,12479.8794,9066.3776,1.0008
E[174],-0.5088,0.2901,-1.0404,0.0641,0.0025,0.0035,13531.093,9328.6316,1.0013
E[175],-0.5051,0.2888,-1.0443,0.0531,0.0026,0.0036,12138.1516,10347.6326,1.0009
E[176],-0.5107,0.2877,-1.0468,0.0546,0.0027,0.0034,11214.8576,9120.2825,1.0012
E[177],-0.507,0.2932,-1.0803,0.0344,0.0027,0.0037,11486.146,9137.1508,1.0021
E[178],-0.5088,0.2926,-1.0645,0.0459,0.0027,0.0038,12281.5992,9188.2959,1.0014
E[179],-0.5097,0.2914,-1.0571,0.0477,0.0029,0.0037,10292.7796,9046.4705,1.0018
E[180],-0.5089,0.2901,-1.0453,0.0639,0.0025,0.0039,13146.8761,8341.8997,1.0018
E[181],-0.5096,0.2914,-1.0454,0.0687,0.0024,0.004,15034.2303,8382.0806,1.0004
E[182],-0.5059,0.29,-1.0442,0.052,0.003,0.0043,9401.9834,6529.9184,1.0015
E[183],-0.5112,0.2935,-1.0686,0.0539,0.0024,0.004,14514.7456,8913.4332,1.0011
E[184],-0.5106,0.2886,-1.0596,0.0375,0.0027,0.0036,11301.2834,7973.2287,1.001
E[185],-0.5079,0.2927,-1.0775,0.0389,0.0026,0.0038,12891.1544,9289.4005,1.0014
E[186],-0.5075,0.2913,-1.0491,0.058,0.0027,0.0039,11173.0824,8574.2561,1.0008
E[187],-0.5112,0.2922,-1.0699,0.0412,0.0026,0.0036,13184.6925,8266.9872,1.0016
E[188],-0.5104,0.2921,-1.0501,0.0517,0.0028,0.0042,10962.7929,7500.8132,1.0011
E[189],-0.5085,0.2985,-1.0926,0.0483,0.0027,0.0037,12448.9067,9556.8189,1.0015
E[190],-0.5087,0.296,-1.07,0.064,0.0026,0.0042,13346.2768,8324.5903,1.0018
E[191],-0.5085,0.2845,-1.0459,0.0368,0.0025,0.0035,12620.5468,9282.8589,1.001
E[192],-0.5091,0.2911,-1.053,0.058,0.0026,0.0037,12948.3924,9549.7521,1.0014
E[193],-0.5081,0.2907,-1.0629,0.0439,0.0026,0.0034,12544.6981,9226.7609,1.0011
E[194],-0.5112,0.2867,-1.0514,0.0437,0.0028,0.0037,10579.9183,8771.896,1.0015
E[195],-0.5069,0.2906,-1.0529,0.0487,0.0027,0.004,11573.237,8020.6703,1.0012
E[196],-0.5089,0.2944,-1.063,0.0657,0.0026,0.0039,13793.2848,8643.8426,1.0013
E[197],-0.5102,0.2942,-1.0647,0.059,0.0027,0.0037,12113.5326,8421.0767,1.0013
E[198],-0.5085,0.294,-1.0491,0.0754,0.0025,0.0037,13646.1516,9113.195,1.0011
E[199],-0.5121,0.2932,-1.0852,0.0294,0.0026,0.0038,12780.1569,8544.8785,1.0014
E[200],-0.51,0.289,-1.0453,0.046,0.0025,0.0042,13024.0119,7847.5478,1.0013
E[201],-0.507,0.2943,-1.0601,0.0609,0.0028,0.004,11438.466,7356.9153,1.0027
E[202],-0.51,0.2917,-1.0733,0.0366,0.0026,0.0037,12990.1914,10147.7501,1.0012
E[203],-0.5095,0.2882,-1.072,0.0276,0.0027,0.0039,11513.7043,9795.632,1.0014
E[204],-0.5133,0.2938,-1.0469,0.0792,0.0027,0.0039,12019.5764,9213.8732,1.0019
E[205],-0.5099,0.2937,-1.066,0.0551,0.0025,0.0038,13439.8661,8454.8426,1.0012
E[206],-0.5087,0.29,-1.0355,0.063,0.0026,0.0039,13012.9623,8011.9071,1.0016
E[207],-0.5101,0.2892,-1.0886,0.0165,0.0026,0.0041,12574.7544,8841.7068,1.0015
E[208],-0.5125,0.2962,-1.0608,0.0678,0.0025,0.0041,13619.3205,9007.5248,1.0007
E[209],-0.5105,0.2904,-1.0697,0.0359,0.0025,0.0041,13442.6142,8212.7412,1.0022
E[210],-0.5111,0.2924,-1.0761,0.0359,0.0025,0.0036,13526.2059,10151.3211,1.0009
E[211],-0.5104,0.2902,-1.0422,0.0606,0.0026,0.0036,12813.9764,8688.9058,1.0011
E[212],-0.5083,0.2883,-1.0645,0.0385,0.0025,0.004,13455.2619,8746.5513,1.002
E[213],-0.5108,0.2926,-1.0585,0.0646,0.0028,0.004,11182.1062,8631.8983,1.0027
E[214],-0.511,0.2907,-1.0447,0.0699,0.0024,0.004,14472.98,8906.8971,1.0018
E[215],-0.5122,0.2936,-1.0847,0.0457,0.0026,0.004,12843.6472,10454.9418,1.0012
E[216],-0.5089,0.2888,-1.0442,0.0584,0.0026,0.0038,12433.9391,9555.0346,1.0024
E[217],-0.5106,0.289,-1.0478,0.0528,0.0025,0.0037,13470.2878,8699.1054,1.0017
E[218],-0.5107,0.2925,-1.0583,0.0672,0.0027,0.0042,12137.5461,8669.1996,1.0008
E[219],-0.5062,0.2868,-1.0401,0.0527,0.0028,0.0032,10357.4167,10128.4211,1.0016
E[220],-0.5075,0.2908,-1.0453,0.0662,0.0026,0.0037,12121.2956,9337.1196,1.0022
E[221],-0.5097,0.2941,-1.0757,0.0458,0.0025,0.004,13441.156,9058.417,1.0012
E[222],-0.5077,0.2939,-1.0139,0.1205,0.0025,0.0039,13558.1373,8691.544,1.0003
E[223],-0.5091,0.2897,-1.0412,0.072,0.0024,0.0034,14041.4664,10785.3581,1.001
E[224],-0.5073,0.2881,-1.0715,0.03,0.0024,0.0036,14208.7011,7722.8085,1.0005
E[225],-0.5084,0.2974,-1.0614,0.0704,0.0026,0.0043,13246.6573,9549.2711,1.0011
E[226],-0.5111,0.2923,-1.0575,0.0709,0.0024,0.004,14128.4275,8473.6736,1.0007
E[227],-0.5109,0.2868,-1.0415,0.058,0.0025,0.0037,13222.0933,8491.4986,1.0009
E[228],-0.5088,0.2902,-1.0415,0.0609,0.0026,0.0044,11977.3325,9003.2315,1.002
E[229],-0.509,0.2906,-1.0427,0.0726,0.0027,0.0039,11517.8414,9132.5988,1.0009
E[230],-0.51,0.2932,-1.0642,0.0557,0.0029,0.0037,10273.4649,8244.6249,1.0021
E[231],-0.5085,0.2928,-1.0621,0.0482,0.0025,0.0038,14439.696,8291.269,1.0008
E[232],-0.5096,0.2928,-1.0361,0.0829,0.0024,0.0041,14758.6672,9888.1132,1.0004
E[233],-0.5094,0.2952,-1.0688,0.0605,0.0026,0.0038,12328.0837,9589.576,1.0022
E[234],-0.5083,0.2883,-1.0496,0.047,0.0026,0.0042,11871.525,8997.9638,1.0012
E[235],-0.5079,0.2921,-1.0421,0.0655,0.0026,0.0039,12495.9198,8607.7383,1.0024
E[236],-0.5079,0.2894,-1.0404,0.0563,0.0028,0.0043,10701.9521,7642.0888,1.0006
E[237],-0.5051,0.2888,-1.0457,0.0566,0.0028,0.0036,10413.867,9288.2661,1.0013
E[238],-0.5103,0.2932,-1.0295,0.086,0.0025,0.0037,13880.6558,8622.9352,1.0007
E[239],-0.509,0.2967,-1.0588,0.0626,0.0028,0.0043,11451.6835,7377.1169,1.0006
E[240],-0.5073,0.2859,-1.0335,0.0653,0.0027,0.0035,11011.7152,9855.2553,1.0016
E[241],-0.5103,0.2953,-1.0665,0.0709,0.0028,0.0038,10761.1804,8627.1692,1.0014
E[242],-0.5112,0.2936,-1.075,0.0549,0.0024,0.0037,14743.7173,9201.1102,1.0008
E[243],-0.5082,0.2872,-1.0436,0.0505,0.0027,0.0037,11628.1268,8464.5696,1.0005
E[244],-0.5101,0.2931,-1.0589,0.063,0.0027,0.0038,11348.2161,9492.7846,1.0008
E[245],-0.5088,0.2887,-1.0609,0.0366,0.0025,0.0039,13297.0985,7218.2518,1.0005
E[246],-0.5104,0.2935,-1.0595,0.0711,0.0025,0.004,14081.4317,8361.2956,1.0016
E[247],-0.5088,0.2917,-1.0599,0.0479,0.0024,0.0041,14424.4117,8070.5222,1.0013
E[248],-0.5105,0.2891,-1.0682,0.0416,0.0024,0.0037,14167.0129,8905.1295,1.001
E[249],-0.5108,0.2922,-1.0555,0.0597,0.0027,0.0037,12267.9177,9270.4611,1.0015
E[250],-0.511,0.2879,-1.0797,0.0247,0.0025,0.004,13318.8063,8448.8748,1.0021
E[251],-0.5096,0.2917,-1.0698,0.0477,0.0027,0.0042,11952.2,8364.9707,1.0037
E[252],-0.5095,0.2905,-1.0555,0.0567,0.0026,0.0037,12522.5311,9129.5115,1.0008
E[253],-0.5072,0.2914,-1.0513,0.0532,0.0025,0.0039,13455.6415,10246.9269,1.0011
E[254],-0.508,0.289,-1.0655,0.0344,0.0027,0.0039,11942.049,8075.8138,1.0012
E[255],-0.5093,0.2938,-1.0652,0.0626,0.0028,0.0039,11270.8179,9046.8457,1.0011
E[256],-0.5121,0.2851,-1.0319,0.045,0.0025,0.0035,13207.7095,10691.0051,1.0023
E[257],-0.5127,0.2905,-1.0621,0.0604,0.0024,0.0043,14203.4477,8706.2607,1.0021
E[258],-0.5065,0.2888,-1.0457,0.0569,0.0026,0.0038,12248.7298,10137.1294,1.0018
E[259],-0.5092,0.2887,-1.0418,0.0631,0.0026,0.0034,12054.9876,9689.2259,1.0018
E[260],-0.5103,0.2915,-1.0654,0.0509,0.0025,0.0037,13259.1277,9212.7292,1.0016
E[261],-0.5103,0.2939,-1.0707,0.0569,0.0028,0.0039,11018.1241,7923.8513,1.0023
E[262],-0.5083,0.2921,-1.027,0.091,0.0027,0.004,11243.1864,9696.762,1.0014
E[263],-0.5102,0.2944,-1.0735,0.0476,0.0026,0.0037,12423.5734,10030.1932,1.0012
E[264],-0.5093,0.2944,-1.0908,0.0414,0.0026,0.0039,13120.8724,9764.9906,1.001
E[265],-0.5067,0.2902,-1.0646,0.0489,0.0025,0.0036,13610.6871,9461.5022,1.0006
